OBS,ID,SAMPL,AGE,SEX,HD,TT,DL,DB,CA,SG,ER,CL,PC
475,1,11,A,F,30,2,0,0,0,0,1,0,0
476,2,11,S,F,10,5,0,0,0,0,0,0,0
477,3,11,A,F,102,3,0,0,0,2,0,0,0
478,4,11,A,F,0,0,0,0,0,0,0,0,0
479,5,11,A,F,15,0,0,0,0,0,1,0,0
480,6,11,A,F,15,5,0,1,0,0,1,0,0
481,7,11,A,F,16,54,0,1,0,2,1,0,0
482,8,11,A,F,2,0,0,0,0,0,0,0,0
483,9,11,A,F,18,35,0,0,0,0,3,0,0
484,10,11,A,F,10,39,0,0,0,4,0,0,0
485,11,11,S,F,4,4,0,0,0,0,2,0,0
486,12,11,A,F,76,8,0,0,0,1,0,0,0
487,13,11,A,F,1,0,0,0,0,0,0,0,0
488,14,11,A,M,0,9,0,0,0,8,0,0,0
489,15,11,A,M,24,0,0,0,0,1,0,0,0
490,16,11,A,M,2,1,0,0,0,0,0,0,0
491,17,11,A,M,0,0,0,0,0,0,0,0,0
492,17,11,A,M,0,0,0,0,0,0,0,0,0
493,18,11,A,M,37,32,0,0,0,0,0,0,0
494,19,11,S,M,238,18,0,2,0,2,1,0,0
495,20,11,A,M,1,2,0,0,0,2,0,0,0
496,21,11,A,M,7,1,2,0,0,1,1,0,0
497,22,11,A,M,8,46,0,0,0,1,0,0,0
498,24,11,A,M,4,1,0,1,0,0,0,0,0
499,26,11,A,M,39,8,0,0,0,1,0,0,0
500,27,11,A,M,99,87,0,0,0,8,1,0,0
501,28,11,A,M,36,5,0,0,0,1,0,0,0
502,29,11,A,M,1,12,0,0,0,1,1,0,0
503,30,11,A,M,50,14,0,0,0,0,0,0,0
504,77,11,A,F,19,2,2,0,0,0,0,0,0
549,280,12,A,M,0,18,0,0,0,0,0,0,0
550,281,12,A,M,2,60,0,0,1,1,0,0,0
551,282,12,A,M,17,0,0,0,0,0,0,0,0
552,283,12,S,M,2,0,0,0,0,1,0,0,0
553,284,12,A,M,28,3,1,0,0,24,0,0,0
554,285,12,A,M,14,63,3,0,0,0,0,0,14
555,286,12,A,M,1,63,0,0,2,0,0,0,0
556,288,12,A,M,4,14,0,0,0,7,0,0,0
557,290,12,A,M,0,99,0,0,0,0,1,0,0
558,291,12,A,M,0,0,0,0,0,2,2,0,0
559,292,12,A,M,1,0,0,0,0,5,0,0,0
560,293,12,A,M,15,0,0,0,0,1,0,0,0
561,294,12,A,M,0,50,0,3,0,2,0,0,0
562,295,12,A,F,12,20,0,0,0,1,0,0,0
563,296,12,A,F,2,0,0,0,0,0,1,0,0
564,297,12,A,F,1,10,0,1,0,0,0,0,0
565,298,12,A,F,0,4,0,0,0,0,0,0,0
566,299,12,A,F,22,24,0,0,0,1,0,0,1
567,300,12,A,F,0,30,0,0,0,17,0,0,1
568,301,12,A,F,81,36,0,0,0,1,0,0,0
569,302,12,A,F,70,0,0,0,0,0,0,0,0
570,303,12,A,F,56,2,0,0,0,0,0,0,0
571,304,12,A,F,0,0,0,0,0,0,0,0,0
572,305,12,S,F,21,35,0,0,0,1,0,0,0
573,306,12,A,F,2,86,1,0,0,26,0,0,0
574,307,12,A,F,5,0,0,0,0,0,0,0,0
575,308,12,A,F,15,3,0,0,0,2,1,0,0
505,79,21,A,F,74,0,0,0,0,2,0,0,0
506,81,21,A,F,17,0,0,0,0,0,0,0,0
507,83,21,A,F,5,6,0,0,0,3,0,0,0
508,84,21,A,F,0,3,1,0,0,4,0,0,0
509,85,21,A,F,13,30,1,0,0,4,0,0,0
510,86,21,A,F,3,0,0,0,1,0,0,0,0
511,87,21,A,F,0,0,0,0,0,0,0,0,0
512,88,21,A,F,33,15,0,0,0,0,0,0,0
513,90,21,A,F,11,0,0,0,0,0,1,0,1
514,91,21,A,F,24,8,0,0,0,0,0,0,0
515,92,21,A,F,0,0,0,0,0,1,0,0,0
516,93,21,A,F,89,0,0,0,0,4,0,0,0
517,96,21,A,M,0,0,0,0,0,6,0,0,0
518,97,21,A,M,0,6,0,0,0,0,0,0,0
519,98,21,A,M,0,23,0,0,0,1,0,0,0
520,99,21,A,M,0,12,0,0,0,0,0,0,1
521,100,21,S,M,1,8,0,0,0,1,0,0,0
522,101,21,S,M,69,3,0,0,0,0,5,0,0
523,102,21,A,M,0,0,0,0,0,0,0,0,0
524,103,21,A,M,7,5,0,0,0,0,1,0,2
525,105,21,A,M,16,10,0,0,0,0,0,0,0
526,106,21,S,M,8,227,2,0,0,13,0,1,0
527,107,21,A,M,19,0,0,0,0,2,0,0,0
528,108,21,A,M,4,1,0,0,0,4,0,0,0
529,110,21,A,M,3,0,0,0,0,0,0,0,0
582,318,22,A,F,6,1,1,1,0,46,0,0,0
583,319,22,A,F,5,100,0,0,1,0,0,0,0
584,320,22,A,F,8,0,0,0,0,0,0,0,0
585,321,22,A,F,9,0,0,0,0,0,0,0,0
586,323,22,S,F,1,2,0,0,0,0,0,0,0
587,324,22,A,F,4,0,0,0,0,0,0,0,0
588,325,22,A,F,0,4,0,0,0,0,0,0,0
589,327,22,A,F,27,1,0,1,2,1,0,1,0
590,328,22,S,F,7,2,0,0,0,0,0,0,0
591,329,22,A,F,100,0,0,0,0,0,0,0,0
592,330,22,A,F,3,0,0,0,0,1,1,0,0
593,331,22,A,F,8,0,0,0,2,0,0,0,0
594,332,22,A,F,0,8,1,1,0,22,0,0,0
595,334,22,A,M,49,29,0,0,0,2,0,0,0
596,335,22,A,M,3,3,8,0,0,3,0,0,0
597,336,22,A,M,12,0,0,0,0,0,0,0,0
598,337,22,A,M,81,88,0,0,0,0,0,0,0
599,338,22,A,M,0,0,0,0,0,1,0,0,0
600,339,22,A,M,1,3,0,0,0,1,0,0,0
601,340,22,A,M,20,2,0,0,0,2,1,0,0
602,341,22,S,M,7,0,0,0,0,0,1,0,0
603,342,22,A,M,0,0,0,0,0,2,0,0,0
604,343,22,A,M,10,0,4,4,0,31,0,0,0
605,344,22,A,M,0,0,0,0,0,1,0,0,0
606,345,22,A,M,2,0,0,0,0,2,0,0,0
607,347,22,A,M,35,4,1,0,0,0,0,0,0
608,348,22,A,M,66,8,0,1,0,17,2,0,0
638,697,22,S,F,0,12,1,1,0,6,5,0,0
530,111,31,A,M,0,0,1,0,0,0,0,0,1
531,112,31,S,F,1,0,0,0,0,0,0,0,0
532,113,31,A,F,2,0,0,0,1,0,0,0,0
533,114,31,A,F,0,0,0,0,0,1,1,0,0
534,115,31,A,M,0,0,0,0,0,0,0,0,0
535,116,31,A,F,11,1,0,0,0,1,0,0,0
536,117,31,A,M,0,0,0,0,0,0,0,0,0
537,123,31,A,F,0,0,0,0,0,0,0,0,0
538,124,31,A,F,9,23,5,0,0,0,0,0,0
539,125,31,A,M,0,0,0,0,0,0,0,0,0
540,126,31,A,F,0,11,0,3,0,3,0,1,1
541,128,31,A,F,0,0,0,0,8,0,0,0,0
542,179,31,A,M,0,2,0,0,0,0,0,0,0
543,180,31,A,F,0,0,0,0,0,1,0,1,0
544,185,31,A,F,8,2,0,0,0,2,0,0,0
545,186,31,A,F,0,0,0,0,0,0,0,0,0
546,187,31,A,F,2,4,1,0,0,0,2,0,0
547,188,31,A,F,1,0,0,0,0,0,0,0,0
548,189,31,A,F,6,1,0,0,0,0,0,0,0
640,725,31,A,F,29,0,0,0,0,0,0,0,0
576,311,32,A,M,0,0,0,0,0,6,0,0,0
577,313,32,A,F,0,0,0,0,0,0,0,0,0
578,314,32,A,F,3,22,14,0,0,3,1,0,0
579,315,32,A,M,36,33,0,0,0,8,0,0,0
580,316,32,A,M,0,0,0,0,0,4,0,0,0
581,317,32,A,F,1,4,0,0,0,0,0,0,0
609,349,32,A,M,1,1,0,0,0,0,0,0,0
610,350,32,A,M,3,0,0,0,0,0,0,0,0
611,351,32,S,M,0,20,0,0,0,0,0,0,0
612,353,32,A,F,34,0,0,0,0,0,0,0,0
613,355,32,S,F,68,89,0,0,0,0,0,0,0
614,356,32,S,F,0,6,0,0,0,0,0,0,0
615,357,32,A,F,4,0,3,0,0,5,0,0,0
616,358,32,A,F,30,0,0,0,0,0,1,0,0
617,359,32,A,M,0,7,0,6,0,1,0,0,0
618,360,32,A,M,7,0,0,0,0,0,0,0,0
619,361,32,A,M,35,3,0,0,0,0,0,0,0
620,362,32,A,F,73,1,0,1,0,2,0,0,0
621,363,32,A,M,0,0,0,0,1,0,0,0,0
622,364,32,S,F,5,8,4,0,0,0,0,0,0
623,365,32,A,F,1,1,5,0,0,1,0,0,0
624,402,32,A,M,1,0,0,0,0,0,0,0,0
625,403,32,A,F,1,0,0,0,0,0,0,0,0
626,404,32,S,F,0,0,0,0,0,0,0,0,1
627,405,32,A,F,0,0,0,0,0,0,0,0,0
628,406,32,A,F,0,41,0,0,0,1,0,0,0
629,407,32,A,F,3,1,0,0,0,4,0,0,0
630,408,32,A,M,5,5,0,0,0,0,0,0,0
631,409,32,A,F,0,1,0,0,0,0,0,0,0
632,410,32,A,F,0,0,0,0,0,8,0,0,0
633,411,32,A,F,0,28,0,0,0,0,0,0,0
634,412,32,A,F,11,0,0,0,0,0,0,0,0
635,413,32,A,F,0,0,0,0,0,0,0,0,0
636,414,32,A,M,0,45,0,0,0,0,0,0,0
637,415,32,S,M,64,1,1,0,0,7,0,0,0
643,31,41,A,F,7,2,0,0,0,0,0,0,0
644,32,41,A,M,173,14,0,0,0,0,0,0,0
645,33,41,A,F,3,0,2,0,0,0,2,0,0
646,34,41,A,M,126,4,0,0,0,0,0,0,0
647,34,41,A,M,78,65,0,0,0,0,0,0,0
648,37,41,A,F,37,77,0,0,0,0,0,0,0
649,38,41,A,F,16,21,1,0,0,0,0,0,0
650,39,41,A,F,9,3,0,0,0,0,0,0,0
651,46,41,A,M,118,26,0,0,0,0,0,0,0
652,47,41,A,M,1,0,0,0,0,0,0,0,0
653,48,41,A,F,13,0,0,0,0,0,0,0,0
654,49,41,A,M,0,0,0,0,0,0,0,0,0
655,51,41,A,F,93,4,0,0,0,0,0,0,0
656,52,41,A,M,9,4,0,0,1,0,0,0,0
657,53,41,S,F,1,1,1,0,0,0,0,0,0
658,54,41,S,M,3,4,1,0,0,0,0,0,0
659,55,41,S,F,78,22,0,0,1,0,0,0,0
660,56,41,A,F,39,0,0,0,0,0,0,0,0
661,57,41,S,M,370,10,0,0,0,0,3,0,0
662,58,41,A,F,33,49,2,0,0,0,1,0,0
663,59,41,A,F,34,0,0,0,0,0,1,0,0
664,61,41,A,F,246,27,0,0,0,0,0,0,0
665,68,41,A,F,25,3,0,0,1,0,0,0,0
666,70,41,A,F,179,4,0,0,0,0,2,0,0
667,71,41,A,M,142,3,0,0,0,0,0,0,0
668,72,41,S,F,333,7,0,0,0,0,5,0,0
669,73,41,S,M,94,2,0,0,0,0,0,0,0
670,74,41,A,F,9,3,0,0,1,0,1,0,0
783,728,41,S,F,38,15,0,0,0,0,0,0,0
701,230,42,A,F,14,0,0,0,0,0,0,0,0
702,231,42,A,M,39,0,0,0,0,0,0,0,0
703,232,42,A,M,98,10,1,1,0,0,3,0,0
704,233,42,A,F,0,0,0,0,0,0,0,0,0
705,234,42,A,M,6,6,0,0,0,0,3,0,0
706,239,42,A,M,0,0,1,0,0,1,0,0,0
707,241,42,S,F,178,0,1,0,0,0,1,0,0
708,244,42,A,F,0,0,0,0,0,0,0,0,0
709,245,42,A,F,54,3,0,0,0,0,0,0,0
710,247,42,A,M,0,0,1,0,0,0,1,0,0
711,248,42,A,F,4,0,0,0,0,0,0,0,0
712,249,42,A,F,0,0,0,0,0,0,0,0,0
713,250,42,A,F,2,0,0,0,0,0,0,0,0
714,256,42,A,M,50,0,0,0,0,0,0,0,0
715,259,42,A,F,139,0,0,0,0,0,0,0,0
716,260,42,A,M,256,110,1,0,0,0,0,0,0
717,261,42,A,M,0,0,0,0,0,0,0,0,0
718,263,42,S,F,49,14,0,0,0,0,0,0,0
719,264,42,A,F,0,0,0,0,0,0,0,0,0
720,265,42,S,M,94,207,0,0,0,0,3,0,0
721,267,42,A,F,0,0,0,0,1,0,0,0,0
722,269,42,A,M,2,0,2,0,0,0,0,0,0
723,270,42,A,F,1,0,0,0,0,0,1,0,0
724,271,42,A,F,9,0,0,0,1,0,0,0,0
725,272,42,A,F,12,4,0,0,0,0,0,0,0
726,273,42,A,F,111,15,0,0,0,0,0,0,0
727,275,42,A,F,3,0,0,0,0,0,0,0,0
728,276,42,A,M,73,84,0,0,1,0,0,0,0
729,277,42,A,F,1,10,0,0,1,0,0,0,0
759,416,43,A,M,10,2,1,0,0,0,0,0,0
760,418,43,A,M,28,65,0,0,0,0,0,0,0
761,419,43,A,F,160,2,0,0,0,0,1,0,0
762,420,43,A,F,36,39,2,0,0,0,0,0,0
763,421,43,A,M,0,0,1,0,0,0,0,0,0
764,422,43,A,F,72,0,0,0,0,0,0,0,0
765,423,43,S,M,0,0,0,0,0,0,0,0,0
766,424,43,S,F,1,0,0,0,0,0,0,0,0
767,425,43,A,F,1,2,0,0,0,0,0,0,0
768,426,43,A,M,21,5,0,0,0,0,0,0,0
769,427,43,S,F,0,0,0,0,0,0,0,0,0
770,428,43,A,M,1,34,0,0,0,0,1,0,0
771,429,43,A,F,3,0,1,0,0,0,0,0,0
772,430,43,A,F,2,0,0,0,0,0,0,0,0
773,432,43,A,F,0,0,1,0,0,0,0,0,0
774,433,43,A,F,14,0,0,0,0,0,0,0,0
775,434,43,A,M,22,3,1,0,0,0,0,0,0
776,435,43,S,M,0,0,0,0,0,0,0,0,0
777,436,43,A,F,6,0,0,0,0,0,0,0,0
778,437,43,A,F,2,31,0,0,0,0,0,0,0
779,438,43,A,F,0,5,4,0,0,0,0,0,0
780,439,43,A,M,163,0,0,0,0,0,0,0,0
781,440,43,A,F,16,115,0,0,0,0,0,0,0
782,723,43,A,F,0,1,0,0,0,0,0,0,0
671,129,51,A,M,0,0,0,0,0,1,0,0,0
672,131,51,A,M,87,40,1,0,1,0,0,0,0
673,132,51,A,M,0,1,0,0,0,0,1,0,0
674,133,51,A,F,11,10,0,0,0,0,0,0,0
675,134,51,A,M,65,6,0,0,0,0,3,0,0
676,137,51,A,F,122,14,0,0,0,0,0,0,0
677,138,51,A,M,36,9,0,0,4,0,0,0,0
678,140,51,A,F,2,88,1,0,0,0,0,0,0
679,143,51,A,F,1,1,0,0,1,0,0,0,0
680,144,51,A,F,53,7,0,0,1,0,3,0,0
681,147,51,A,M,36,82,0,0,1,2,0,0,0
682,148,51,A,F,39,0,0,0,0,0,0,0,0
683,149,51,A,M,12,12,0,0,0,0,3,0,0
684,152,51,A,M,15,1,0,0,0,0,0,0,0
685,153,51,A,F,34,0,0,0,0,0,0,0,0
686,155,51,A,M,144,14,0,1,0,1,0,0,0
687,157,51,S,F,0,30,0,0,0,0,1,0,0
688,159,51,A,F,32,12,0,0,0,0,0,0,0
689,163,51,A,M,87,39,0,0,0,0,0,0,0
690,164,51,A,F,9,0,0,0,0,0,2,0,0
691,166,51,A,M,16,57,0,1,0,0,0,0,0
692,167,51,A,M,0,0,0,0,0,0,0,0,0
693,168,51,A,F,0,0,0,0,0,0,0,0,0
694,169,51,S,F,1,0,0,0,0,0,0,0,0
695,171,51,S,F,3,0,0,0,0,0,0,0,0
696,172,51,S,M,38,7,0,0,0,0,0,0,0
697,173,51,S,F,30,25,0,0,0,0,0,0,0
698,174,51,A,M,20,98,0,0,0,0,0,0,0
699,175,51,A,M,35,40,0,0,0,0,0,0,0
700,177,51,A,M,3,21,0,0,0,0,0,0,0
730,367,52,A,M,12,3,0,0,0,0,1,0,0
731,369,52,A,M,12,3,0,0,0,0,0,0,0
732,371,52,A,F,21,0,1,0,0,0,0,0,0
733,373,52,A,M,0,0,0,0,0,0,0,0,0
734,374,52,A,M,17,5,0,6,0,9,0,0,0
735,375,52,A,F,2,0,0,0,0,0,0,0,0
736,376,52,A,F,2,0,0,0,0,12,0,0,0
737,378,52,A,F,18,0,0,0,0,0,2,0,0
738,379,52,A,M,0,0,0,0,0,0,2,0,0
739,380,52,A,M,18,0,0,0,0,0,0,0,0
740,381,52,A,M,0,0,0,0,0,0,0,0,0
741,382,52,A,F,0,0,0,0,0,0,0,0,0
742,383,52,A,F,18,0,0,0,0,0,0,0,0
743,384,52,S,M,23,1,0,0,0,0,0,0,0
744,385,52,A,M,28,5,0,0,0,0,0,0,0
745,386,52,A,M,70,0,0,0,0,0,0,0,0
746,387,52,A,M,0,0,1,0,0,0,0,0,0
747,388,52,A,F,175,4,0,0,0,0,2,0,0
748,390,52,A,F,2,3,0,0,0,0,0,0,0
749,391,52,S,F,3,0,0,0,0,0,0,0,0
750,392,52,A,F,22,5,0,0,0,0,0,0,0
751,393,52,A,M,0,0,0,0,0,0,0,0,0
752,394,52,A,M,39,0,0,0,0,0,0,0,0
753,396,52,A,F,44,1,0,0,0,0,1,0,0
754,397,52,A,M,13,9,0,0,0,0,0,0,0
755,398,52,A,M,30,1,0,0,1,0,0,0,0
756,399,52,A,M,17,0,0,0,0,0,1,0,0
757,400,52,A,F,0,0,0,0,0,0,0,0,0
758,401,52,A,M,109,12,0,0,0,0,1,0,0
186,657,61,A,F,2,0,0,0,0,0,0,0,0
187,659,61,A,F,0,8,3,0,0,0,0,0,0
204,685,61,S,M,3,3,1,0,0,0,0,0,0
205,686,61,A,M,7,12,1,0,0,0,0,0,0
206,687,61,S,M,6,80,4,0,0,0,0,0,0
207,688,61,A,F,0,0,0,0,0,0,0,0,0
208,689,61,S,F,99,0,1,0,0,0,0,0,0
209,690,61,S,F,9,191,1,0,0,0,0,1,0
210,691,61,A,M,1,0,0,0,0,0,0,0,0
211,692,61,A,F,5,1,0,0,0,0,0,0,0
223,707,61,A,F,0,0,0,0,0,0,0,0,0
224,708,61,A,F,0,1,0,0,0,0,0,1,0
225,709,61,A,F,17,10,0,0,0,0,0,0,0
226,710,61,A,F,0,0,0,0,0,0,0,0,0
227,713,61,A,F,70,0,0,0,0,0,2,0,0
231,717,61,A,F,17,0,1,0,0,0,0,0,0
245,746,61,A,M,6,0,0,0,0,0,0,0,0
246,747,61,A,M,0,2,0,0,0,0,0,0,0
254,762,61,S,M,1,255,4,0,0,0,0,0,0
255,763,61,A,F,0,0,1,0,0,0,0,0,0
256,764,61,A,M,16,12,1,0,0,0,0,0,0
257,765,61,A,M,0,0,0,0,0,0,0,0,0
258,767,61,A,M,42,0,0,0,0,1,0,0,0
259,768,61,S,M,71,9,2,0,0,0,0,0,0
260,770,61,A,F,4,0,0,0,0,0,0,0,0
261,771,61,A,M,0,3,1,0,0,0,0,3,0
262,780,61,S,M,134,0,0,0,0,0,0,0,0
263,781,61,S,F,5,0,0,0,0,0,0,0,0
264,783,61,A,M,18,54,0,0,0,0,0,0,0
265,784,61,A,M,11,6,2,0,1,0,0,0,0
266,785,61,A,M,2,8,0,0,0,0,0,0,0
267,787,61,A,M,45,45,1,0,0,0,0,0,0
268,788,61,A,M,1,11,0,0,0,0,0,0,0
269,792,61,A,F,0,0,0,0,0,0,0,0,0
297,832,61,A,M,48,11,0,0,0,0,0,0,0
298,833,61,A,F,1,0,0,0,0,0,0,0,0
299,834,61,A,F,25,0,0,0,0,0,0,0,0
300,835,61,A,F,18,26,1,0,0,0,1,0,0
301,836,61,A,M,0,18,0,0,0,0,0,0,0
302,838,61,A,M,121,110,1,0,0,0,0,0,0
325,885,61,A,M,0,1,0,0,0,0,0,0,0
326,886,61,A,F,0,3,0,0,0,0,0,0,0
327,887,61,A,M,1,5,0,0,0,0,0,0,0
414,721,71,A,M,0,0,0,0,0,0,0,0,0
415,722,71,A,M,38,10,0,0,0,0,0,0,0
416,724,71,A,M,2,0,0,0,0,0,0,0,0
417,727,71,A,M,0,0,0,0,0,0,0,0,0
418,729,71,A,M,5,0,0,0,0,0,0,0,0
419,733,71,A,M,0,0,0,0,0,0,0,0,0
420,734,71,S,M,51,0,0,0,0,0,1,0,0
421,735,71,A,F,15,0,0,0,0,0,0,0,0
422,736,71,A,M,0,0,0,1,0,0,0,0,0
423,737,71,S,M,0,8,0,0,0,0,0,0,0
424,766,71,A,F,66,0,0,0,0,0,0,0,0
425,772,71,A,M,5,3,0,0,0,0,0,0,0
426,773,71,A,M,86,0,1,0,0,0,0,0,0
427,774,71,A,M,88,0,0,0,0,1,0,0,0
428,775,71,A,F,36,0,0,0,1,0,0,0,0
429,776,71,A,F,0,0,0,0,0,0,0,0,0
430,777,71,A,M,3,4,0,0,0,0,0,0,0
431,778,71,A,M,0,5,0,0,0,0,0,0,0
432,779,71,A,F,60,0,0,0,0,0,0,0,0
435,791,71,A,M,80,0,0,0,1,0,0,0,0
463,888,71,A,M,0,0,0,0,0,0,0,0,0
464,889,71,S,F,0,0,0,0,0,0,0,0,0
465,890,71,A,F,0,0,0,0,0,0,0,0,0
466,891,71,A,F,0,12,0,0,0,0,0,0,0
467,893,71,A,F,1,0,0,0,0,0,0,0,0
468,894,71,A,M,0,0,0,0,0,0,2,0,0
469,895,71,A,F,26,2,0,0,0,0,0,0,0
470,896,71,A,M,0,0,0,0,0,0,0,0,0
471,897,71,A,M,0,0,0,0,0,0,2,0,0
472,898,71,S,M,4,0,0,6,0,0,0,0,0
473,899,71,A,M,0,0,0,0,0,0,0,0,0
413,658,72,A,F,0,0,0,0,0,0,0,0,0
433,789,72,A,M,0,7,0,0,0,0,0,0,0
434,790,72,A,F,0,0,0,0,0,3,0,0,0
436,793,72,A,M,4,0,0,0,0,0,0,0,0
437,794,72,A,M,86,0,0,0,0,0,0,0,0
438,795,72,A,F,10,0,1,0,0,0,0,0,0
439,796,72,A,F,0,0,0,0,0,0,1,0,0
440,797,72,A,F,0,0,0,0,0,0,0,0,0
441,798,72,S,M,7,0,0,0,0,0,0,0,0
442,799,72,A,F,0,0,0,0,0,0,0,0,0
443,846,72,A,F,1,0,0,0,0,0,0,0,0
444,847,72,A,F,4,1,0,0,0,0,0,0,0
445,848,72,A,M,0,0,2,0,0,1,0,0,0
446,849,72,A,M,0,0,0,0,0,0,0,0,0
447,850,72,A,M,212,0,0,0,0,0,1,0,0
448,851,72,A,M,1,0,0,0,0,0,0,0,0
449,852,72,A,M,16,0,0,0,0,0,0,0,0
450,853,72,A,M,2,0,0,0,0,0,0,0,0
451,854,72,A,F,210,0,0,0,0,0,0,0,0
452,855,72,A,M,0,0,0,0,0,0,0,0,0
453,856,72,A,M,16,0,0,0,0,0,0,0,0
454,857,72,A,M,0,40,0,0,0,0,0,0,0
455,858,72,S,F,0,0,0,0,0,2,0,0,0
456,859,72,A,M,49,0,0,0,0,0,0,0,0
457,860,72,A,M,10,0,0,0,0,0,0,0,0
458,861,72,A,M,58,0,0,0,0,0,0,0,0
459,862,72,A,F,1,0,0,1,1,0,0,0,0
460,863,72,A,F,12,0,0,0,0,0,0,0,0
461,864,72,S,M,0,0,0,0,0,0,0,0,0
462,865,72,S,M,0,4,0,0,0,0,0,0,0
474,903,72,A,M,1,2,0,0,0,0,0,0,0
270,805,73,A,F,0,115,0,0,0,0,0,0,0
271,806,73,A,F,0,110,0,0,0,0,0,0,0
272,807,73,A,F,16,12,0,0,0,0,0,0,0
273,808,73,S,F,18,7,0,0,0,0,0,0,0
274,809,73,A,F,1,0,0,1,2,0,0,0,0
275,810,73,A,F,0,4,0,0,0,0,0,0,0
276,811,73,A,F,1,27,0,0,0,0,0,0,0
277,812,73,A,M,1,0,0,0,0,0,0,0,0
278,813,73,A,M,2,0,0,0,0,0,1,0,0
279,814,73,A,F,0,2,0,0,0,0,0,0,0
280,815,73,A,M,4,4,0,0,0,0,0,0,0
281,816,73,A,M,0,0,0,2,0,0,0,0,0
282,817,73,A,M,0,9,0,0,0,0,0,0,0
283,818,73,A,M,27,21,0,0,0,0,0,0,0
284,819,73,S,M,4,0,0,1,1,0,0,0,0
285,820,73,A,M,0,6,0,0,0,0,0,0,0
286,821,73,A,M,0,0,0,0,0,0,0,0,0
287,822,73,A,F,0,0,0,0,0,0,0,0,0
288,823,73,A,M,0,4,0,0,1,0,0,0,0
289,824,73,A,F,0,0,0,0,0,0,0,0,0
290,825,73,A,M,28,120,1,1,0,0,0,1,0
291,826,73,A,M,0,13,0,0,0,0,0,0,0
292,827,73,A,F,15,3,0,0,0,0,0,0,0
293,828,73,A,F,3,25,0,0,0,0,4,0,0
294,829,73,A,M,1,97,0,0,0,0,1,0,0
295,830,73,A,F,0,4,0,0,0,0,0,0,0
296,831,73,A,M,0,0,0,0,0,1,0,0,0
304,840,73,A,M,0,1,0,0,0,0,0,0,0
308,844,73,A,F,4,13,0,0,0,0,0,0,0
189,661,74,S,M,9,1,0,0,0,0,0,0,0
214,696,74,A,F,60,37,0,0,0,0,1,0,0
215,698,74,A,M,2,0,0,0,0,0,0,0,0
639,699,74,S,F,2,64,2,2,3,0,0,0,0
216,700,74,S,M,90,105,0,1,0,0,0,0,0
217,701,74,A,F,27,52,0,0,2,0,1,0,0
218,702,74,S,F,82,162,0,0,0,0,1,0,0
219,703,74,A,F,2,70,0,0,3,0,0,0,0
220,704,74,A,F,0,0,0,0,0,0,0,0,0
221,705,74,A,F,19,33,0,0,0,0,0,0,0
222,706,74,A,F,0,1,0,2,0,0,0,0,0
247,748,74,A,M,3,1,0,0,0,0,0,0,0
248,749,74,A,M,15,0,0,0,0,0,0,0,0
249,750,74,S,M,4,33,0,1,0,0,0,0,0
250,752,74,A,M,6,6,0,0,0,0,0,0,0
641,769,74,A,F,216,0,0,0,0,0,0,0,0
303,839,74,S,M,1,6,0,0,0,0,0,0,0
305,841,74,S,F,0,22,0,0,0,0,0,0,0
306,842,74,A,F,10,0,0,0,1,0,0,0,0
307,843,74,A,F,6,52,0,0,0,0,0,0,0
310,866,74,A,M,13,44,0,0,0,0,0,0,0
311,867,74,S,M,0,6,2,0,0,0,0,0,0
312,868,74,A,M,26,123,3,0,0,0,0,0,0
335,909,74,S,M,0,1,0,0,0,0,0,0,0
336,910,74,A,F,0,120,0,0,0,0,0,0,0
337,911,74,A,F,18,163,2,0,0,0,0,0,0
642,912,74,S,F,0,0,0,1,0,7,0,0,0
339,914,74,A,M,2,42,0,0,0,0,0,0,0
340,916,74,A,M,0,0,0,0,0,0,0,0,0
349,926,74,S,M,0,0,0,0,0,0,0,0,0
350,927,74,A,M,0,3,1,3,0,6,0,0,0
183,652,91,A,M,0,0,0,0,0,0,0,0,0
193,669,91,S,M,0,0,0,0,0,0,0,0,0
194,670,91,A,F,11,34,0,0,0,0,0,0,0
196,672,91,A,F,14,0,0,0,0,0,0,0,0
197,673,91,A,M,0,12,1,0,0,0,0,0,0
198,674,91,A,F,1,0,0,1,0,0,0,0,0
199,676,91,A,M,0,0,0,0,4,0,0,0,0
200,677,91,A,M,0,0,0,0,0,0,0,0,0
201,682,91,A,M,19,6,0,0,0,0,0,0,0
202,683,91,A,F,0,0,0,0,0,0,0,0,0
228,714,91,A,M,1,0,0,0,0,0,2,0,0
229,715,91,A,F,2,7,0,0,1,0,0,0,0
230,716,91,A,M,1,0,0,0,0,0,0,0,0
232,718,91,A,F,0,0,0,0,0,0,0,0,0
233,719,91,A,M,1,0,0,0,0,0,0,0,0
234,720,91,A,M,0,18,0,4,0,0,0,0,0
235,726,91,A,M,0,0,0,0,1,0,0,0,0
236,730,91,A,F,0,0,0,0,0,0,0,0,0
237,731,91,A,F,0,0,0,0,0,0,0,0,0
251,754,91,S,M,2,36,0,0,2,0,0,0,0
252,755,91,A,F,0,5,0,0,0,0,0,0,0
253,756,91,A,F,0,0,0,0,0,0,1,0,0
328,901,91,A,M,0,0,0,0,0,0,0,0,0
329,902,91,A,M,0,6,0,0,0,0,0,0,0
330,904,91,A,F,0,0,0,0,0,0,0,0,0
332,906,91,A,F,0,2,0,0,0,0,0,0,0
333,907,91,A,F,2,0,0,0,0,0,0,0,0
334,908,91,A,F,11,52,0,0,0,0,0,0,0
338,913,91,A,M,0,0,0,0,0,0,0,0,0
342,918,91,A,F,0,0,0,0,0,0,0,0,0
343,919,91,A,F,0,0,0,0,0,0,0,0,0
344,920,91,A,F,0,0,0,0,0,0,0,0,0
347,923,91,A,F,0,0,0,0,0,0,0,0,0
348,925,91,S,M,0,42,0,0,0,0,0,0,0
13,441,92,S,M,0,12,0,0,0,1,0,1,0
20,449,92,A,M,1,5,0,0,0,0,0,0,0
14,442,92,S,M,3,12,0,0,0,0,0,0,0
21,450,92,A,F,0,0,0,0,0,0,0,0,0
15,443,92,A,M,0,13,0,0,0,1,0,0,0
22,451,92,A,M,0,0,0,0,0,0,0,0,0
16,445,92,S,M,0,8,0,0,0,0,0,1,0
23,452,92,A,F,5,0,0,0,0,0,0,0,0
17,446,92,S,M,2,10,0,0,0,0,0,0,0
24,454,92,A,M,15,0,0,0,0,0,0,0,0
18,447,92,A,M,0,0,0,0,0,0,0,1,0
25,455,92,A,M,0,0,0,0,0,0,0,0,0
19,448,92,A,F,0,0,0,0,0,0,0,0,0
26,456,92,A,M,0,0,0,0,0,0,0,0,0
27,457,92,A,M,0,0,0,0,0,0,0,0,0
28,458,92,A,F,0,0,0,0,0,0,0,0,0
29,459,92,A,M,0,1,0,0,0,0,0,0,0
30,460,92,A,M,0,0,1,0,0,0,0,0,0
31,461,92,A,F,0,2,0,0,0,0,0,0,0
32,462,92,A,F,14,50,0,0,0,0,0,0,0
33,465,92,A,F,0,0,0,0,0,0,1,0,0
34,466,92,A,M,0,0,0,0,0,0,0,0,0
35,468,92,A,M,0,0,0,0,0,0,0,0,0
36,471,92,A,M,0,50,0,0,0,0,0,0,0
37,472,92,S,M,4,36,0,0,0,0,0,0,0
38,473,92,A,F,0,0,0,0,0,0,0,0,0
39,474,92,A,F,0,0,0,0,0,0,0,0,0
40,475,92,A,F,0,0,0,0,2,0,0,0,0
41,476,92,A,F,5,95,0,0,0,0,0,0,0
42,478,92,S,M,0,0,0,0,0,0,0,0,0
43,479,92,S,M,0,1,0,0,0,0,0,0,0
44,480,92,A,M,0,3,0,0,0,0,0,0,0
45,481,92,A,F,0,0,0,0,0,0,0,0,0
46,484,92,S,F,0,0,0,0,0,0,0,0,0
47,485,93,A,M,7,1,0,0,0,0,0,0,0
48,486,93,A,M,0,27,0,0,0,0,0,0,0
49,487,93,A,M,0,0,0,0,0,0,0,0,0
50,488,93,A,M,0,2,0,0,0,0,0,0,0
51,489,93,A,M,7,18,0,0,0,0,0,0,0
52,490,93,A,F,0,8,0,0,0,0,0,0,0
53,491,93,A,M,0,0,0,0,0,0,0,0,0
54,492,93,A,M,0,0,0,0,0,0,0,0,0
55,493,93,A,M,14,173,0,0,0,0,0,0,0
56,494,93,A,F,0,3,0,0,0,0,0,0,0
57,495,93,A,M,0,0,0,0,0,0,0,0,0
58,496,93,S,M,70,0,0,0,0,0,0,0,0
59,497,93,A,M,21,4,0,0,0,0,0,0,0
60,498,93,A,M,0,0,0,0,0,1,0,0,0
61,499,93,A,M,0,0,0,0,1,0,0,0,0
62,501,93,S,M,0,2,0,0,0,0,0,0,0
63,502,93,A,M,0,0,0,0,0,0,0,0,0
64,503,94,A,M,1,0,0,0,0,0,0,0,0
65,504,94,A,F,5,0,0,0,0,0,0,0,0
66,505,94,A,F,0,0,0,0,0,0,0,0,0
67,506,94,A,F,35,0,0,0,0,0,1,0,0
68,507,94,A,F,0,0,0,0,0,0,0,0,0
69,508,94,S,F,0,4,0,0,0,0,0,0,0
70,509,94,S,F,0,0,0,0,0,0,0,0,0
71,510,94,A,M,0,0,0,0,0,0,0,0,0
72,511,94,A,F,0,0,0,0,0,0,0,0,0
73,512,94,S,F,8,179,0,1,4,0,1,0,0
74,513,94,A,F,0,0,0,0,0,0,0,0,0
75,514,94,A,F,0,10,0,0,0,0,0,0,0
76,515,94,A,M,15,0,0,0,0,0,1,0,0
77,516,94,A,F,3,1,0,0,0,0,0,0,0
78,517,94,A,M,0,0,0,0,0,0,0,0,0
79,518,94,A,F,0,0,0,0,0,0,0,0,0
80,519,94,A,M,4,4,0,0,0,0,0,0,0
81,520,94,A,F,0,0,0,0,0,0,0,0,0
82,521,94,A,F,0,18,0,0,0,0,0,0,0
83,522,94,A,F,0,0,0,0,0,0,0,0,0
84,524,94,A,M,5,7,0,1,0,1,0,0,0
85,525,94,S,M,0,0,0,0,0,0,0,0,0
86,526,94,A,F,0,0,0,0,0,0,0,0,0
87,527,94,S,M,2,57,0,0,0,0,0,0,0
88,528,101,A,F,0,0,0,0,0,0,0,0,0
89,529,101,S,F,0,11,0,0,0,0,0,0,0
90,530,101,A,M,0,5,0,0,0,0,0,0,0
91,531,101,A,F,0,0,0,0,0,0,0,0,0
92,532,101,A,M,2,2,0,0,0,0,0,0,0
93,533,101,A,F,0,0,0,0,0,0,0,0,0
94,534,101,A,M,0,15,0,0,0,0,0,0,0
95,535,101,A,M,0,0,0,0,0,0,0,0,0
96,536,101,S,F,0,0,0,0,0,0,0,0,0
97,538,101,A,F,3,0,0,0,0,0,0,0,0
98,539,101,A,F,0,0,0,0,0,0,0,0,0
99,540,101,A,F,0,0,0,0,0,0,0,0,0
100,541,101,S,F,0,0,0,0,0,0,0,0,0
101,542,101,A,M,0,0,0,0,0,0,0,0,0
102,543,101,A,F,3,2,0,0,1,0,0,0,0
103,544,101,A,M,0,0,0,0,0,0,0,0,0
104,545,101,A,M,3,1,0,0,0,0,5,0,0
105,546,101,A,F,0,1,0,0,0,0,0,0,0
106,547,101,A,F,0,0,0,0,0,0,0,0,0
107,548,101,A,F,0,0,0,0,0,0,0,0,0
108,550,101,S,M,1,3,0,6,0,0,0,0,0
109,551,101,A,M,18,0,0,1,0,0,0,0,0
110,552,101,A,M,0,0,0,0,0,0,0,0,0
111,553,101,A,F,11,55,0,0,0,0,1,0,0
112,554,101,A,F,0,0,0,0,1,0,1,0,0
113,555,101,A,F,0,0,0,0,0,0,0,0,0
114,557,101,A,F,0,0,0,0,0,0,0,0,0
115,558,101,A,F,33,1,0,0,0,0,0,0,0
116,559,101,A,M,0,93,1,0,0,0,0,0,0
117,560,101,A,M,1,0,0,0,0,0,0,0,0
118,561,101,A,F,6,2,0,0,0,0,0,0,0
119,562,101,A,M,2,5,0,0,0,0,0,0,0
120,563,101,A,M,0,0,0,0,0,0,0,0,0
309,845,101,A,F,0,0,0,0,0,0,0,0,0
372,948,101,S,F,1,0,0,0,0,0,0,0,0
179,647,111,A,F,0,4,0,0,0,0,0,0,0
180,648,111,A,F,0,0,0,0,0,0,3,0,0
181,650,111,A,F,0,4,0,0,0,0,6,0,0
182,651,111,A,F,0,0,0,0,0,0,0,0,0
184,653,111,A,F,0,3,0,0,0,0,0,0,0
185,655,111,A,F,0,0,0,0,0,0,0,0,0
188,660,111,S,M,0,5,0,0,0,0,0,0,0
191,663,111,S,M,2,0,0,0,0,0,0,0,0
192,666,111,A,F,5,11,0,0,0,0,0,0,0
195,671,111,A,F,0,0,0,0,0,0,0,0,0
203,684,111,A,F,0,0,0,0,4,0,0,0,0
239,739,111,A,M,0,0,0,0,0,0,0,0,0
240,740,111,A,M,0,0,0,0,0,0,0,0,0
241,741,111,S,M,0,11,0,0,0,0,0,0,0
313,869,111,A,F,0,40,0,0,0,1,0,0,0
314,870,111,S,M,1,32,0,0,0,0,0,0,1
315,871,111,A,F,3,0,0,0,0,0,0,0,0
316,872,111,A,F,0,0,0,0,0,0,0,0,0
317,875,111,S,M,0,0,0,0,0,0,0,0,0
318,876,111,A,F,0,3,0,0,0,0,0,0,0
320,878,111,A,F,0,0,0,0,0,0,0,0,0
323,883,111,A,F,0,0,0,0,0,0,0,0,0
324,884,111,S,F,8,0,0,0,0,0,0,0,0
341,917,111,A,M,0,3,0,0,0,0,0,0,0
346,922,111,A,M,0,0,0,0,0,0,0,0,0
364,941,111,A,F,43,0,0,0,0,0,0,0,0
365,942,111,A,M,0,3,0,0,0,0,0,0,0
366,942,111,A,M,0,3,0,0,0,0,0,0,0
367,943,111,A,F,0,0,0,0,0,0,0,0,0
368,944,111,A,M,0,1,0,0,0,0,0,0,0
190,662,112,A,F,17,30,0,0,0,0,0,0,1
212,693,112,S,M,0,29,3,0,0,0,0,0,0
213,695,112,A,M,0,0,0,8,0,0,0,0,0
238,738,112,A,F,0,12,0,0,0,0,6,0,0
242,742,112,A,M,0,0,0,0,0,0,0,0,0
243,744,112,A,M,0,0,0,0,0,0,0,0,0
244,745,112,S,F,0,140,0,0,0,0,0,0,0
319,877,112,A,F,0,0,0,0,0,0,0,0,0
321,879,112,A,M,6,0,0,0,0,0,0,0,0
322,880,112,S,M,3,14,0,0,0,0,0,0,0
345,921,112,A,M,1,0,0,0,0,0,0,0,0
396,975,112,S,F,0,0,0,0,2,0,0,0,0
397,975,112,S,F,0,0,0,0,2,0,0,0,0
121,565,121,S,F,0,0,0,0,0,0,0,0,0
122,566,121,A,F,18,0,0,0,0,0,1,0,0
123,567,121,S,M,0,0,0,0,0,0,9,0,0
124,568,121,A,M,0,0,0,0,0,0,0,0,0
125,569,121,A,M,0,0,0,0,0,0,0,0,0
126,570,121,A,M,0,0,0,0,0,0,1,0,0
127,571,121,A,F,0,0,0,0,0,0,0,0,0
128,572,121,A,F,0,0,0,0,0,0,0,0,0
129,573,121,A,F,0,0,0,0,0,0,0,0,0
130,574,121,S,M,0,0,0,0,0,0,0,0,0
131,575,121,A,F,1,0,0,0,0,0,0,0,0
132,576,121,A,M,0,12,0,1,0,0,0,5,0
133,577,121,A,F,0,0,0,0,0,0,1,0,0
134,578,121,A,M,1,0,0,0,0,0,0,0,0
135,581,121,A,M,1,0,0,0,0,0,0,0,0
136,582,121,A,M,0,1,0,1,0,0,0,0,0
137,583,121,A,M,0,0,0,0,0,0,0,0,0
138,584,121,A,M,7,0,0,0,0,0,0,0,0
139,585,121,A,M,0,5,0,0,0,0,0,0,0
140,586,121,A,F,11,21,1,0,0,0,0,0,0
141,587,121,A,M,0,0,0,0,0,0,0,0,0
142,588,121,A,M,2,0,0,0,0,0,1,1,0
143,590,121,A,F,0,0,0,0,0,0,0,0,0
144,591,121,A,F,36,12,0,0,0,0,0,0,0
145,593,121,A,F,0,0,0,0,0,0,0,0,0
146,594,121,A,M,0,0,0,0,0,0,0,0,0
147,595,121,A,F,0,7,0,0,0,0,0,0,0
148,596,121,A,M,0,0,0,0,0,0,0,0,0
149,597,121,A,F,3,0,0,0,0,0,0,0,0
150,598,121,S,M,0,0,0,0,0,0,1,0,0
151,599,121,A,F,0,0,0,0,0,0,0,0,0
152,614,122,A,M,1,0,0,0,4,0,0,0,0
153,615,122,A,M,0,28,0,0,0,0,0,0,0
154,616,122,A,F,0,0,0,2,0,0,0,1,0
155,618,122,A,F,0,0,0,0,0,0,0,0,0
156,619,122,A,M,0,0,0,0,0,0,0,0,0
157,620,122,A,M,0,0,0,0,0,0,0,0,0
158,621,122,S,M,0,2,1,0,0,0,0,0,0
159,622,122,A,M,1,13,0,0,0,0,0,0,1
160,623,122,A,F,0,0,0,0,0,0,1,0,0
161,624,122,A,F,0,0,0,0,0,0,1,0,0
162,628,122,A,M,0,0,0,0,0,0,0,0,0
163,629,122,A,M,0,0,0,0,0,0,0,0,0
164,630,122,A,F,2,0,0,0,0,0,0,0,0
165,631,122,A,F,0,0,0,1,1,0,0,0,0
166,633,122,A,M,0,0,0,0,0,0,0,0,0
167,634,122,S,M,0,1,0,0,0,0,1,0,0
168,635,122,A,M,1,0,0,0,0,0,4,0,0
169,636,122,A,M,0,0,0,0,0,0,0,0,0
170,637,122,A,M,0,0,0,0,0,0,0,0,0
171,638,122,A,M,0,0,0,0,0,0,0,0,0
172,639,122,A,M,0,0,0,0,0,0,0,0,0
173,640,122,A,F,0,0,0,0,0,0,0,0,0
174,641,122,A,F,0,0,0,0,0,0,2,0,0
175,642,122,A,F,0,0,0,0,0,0,2,0,0
176,643,122,A,F,0,0,0,0,0,0,0,0,0
177,644,122,A,F,0,0,0,0,0,0,2,0,0
178,645,122,A,F,0,0,0,0,0,0,1,0,0
351,928,131,A,M,0,6,0,0,0,0,2,0,0
352,929,131,A,F,0,22,0,0,0,0,0,0,0
353,930,131,A,M,0,0,0,0,1,0,1,0,0
354,931,131,A,M,0,0,0,0,0,0,1,0,0
355,932,131,A,F,3,0,0,0,0,0,6,0,0
356,933,131,A,M,0,0,0,0,0,0,8,0,0
357,934,131,S,M,0,0,0,0,0,0,3,0,0
358,935,131,A,F,0,0,0,0,0,0,0,0,0
359,936,131,A,M,0,7,0,0,0,0,0,0,0
360,937,131,A,F,0,3,0,0,0,0,0,0,0
361,938,131,A,M,0,0,0,0,0,0,4,0,0
362,939,131,A,F,0,0,0,0,0,0,0,0,0
363,940,131,A,F,0,0,0,0,0,0,0,0,0
369,945,131,A,F,0,0,0,0,0,0,0,0,0
370,946,131,A,F,0,0,0,0,0,0,3,0,0
371,947,131,A,M,2,1,0,0,0,0,1,0,0
373,952,131,S,F,0,0,0,0,0,0,7,0,0
378,957,131,A,M,0,0,0,0,0,0,0,0,0
379,957,131,A,M,0,0,0,0,0,0,0,0,0
384,963,131,A,F,0,0,0,0,0,0,4,0,0
385,963,131,A,F,0,0,0,0,0,0,4,0,0
390,969,131,A,F,5,0,0,0,0,0,2,0,0
391,970,131,A,M,0,0,0,0,0,0,0,0,0
392,971,131,A,F,9,0,0,0,1,0,2,0,0
399,977,131,A,M,0,0,0,0,1,0,25,0,0
400,978,131,S,M,0,0,0,0,0,0,4,0,0
402,980,131,A,M,0,2,0,0,0,0,2,0,0
405,983,131,A,F,0,2,0,0,0,0,5,0,0
331,905,132,A,F,0,0,0,0,0,0,2,0,0
374,953,132,A,M,0,0,0,0,0,0,8,0,0
375,954,132,A,F,0,61,0,0,0,0,2,0,0
376,955,132,S,M,0,2,0,0,0,0,2,0,0
377,956,132,A,F,0,0,0,0,0,0,1,0,0
380,958,132,A,F,0,0,0,0,0,0,0,0,0
381,959,132,A,M,0,0,0,0,0,0,0,0,0
382,960,132,S,F,0,0,0,0,0,0,0,0,0
383,961,132,A,M,0,14,0,0,0,0,0,0,0
386,964,132,A,M,0,0,0,0,0,0,0,0,0
387,965,132,S,M,0,1,0,0,0,0,0,0,0
388,966,132,A,M,0,2,0,1,0,0,1,0,0
389,967,132,A,M,0,3,0,0,4,0,1,0,0
393,972,132,A,F,0,0,0,0,1,0,0,0,0
394,973,132,A,F,0,0,0,0,0,0,1,0,0
395,974,132,A,M,0,0,0,0,0,0,0,0,0
398,976,132,A,F,0,3,0,0,0,0,0,0,0
401,979,132,A,F,2,9,0,0,0,0,2,0,0
403,981,132,A,F,0,22,0,0,1,0,8,0,0
404,982,132,A,F,0,0,0,0,0,0,0,0,0
406,985,132,S,M,0,0,0,0,0,0,5,0,0
407,986,132,A,M,2,5,0,0,0,0,0,0,0
408,989,132,A,F,0,0,0,0,1,0,2,0,0
409,990,132,A,M,0,2,0,0,0,0,0,0,0
410,991,132,A,F,0,0,0,0,0,0,0,0,0
411,992,132,A,M,0,1,0,0,0,0,0,0,0
412,993,132,A,M,0,0,0,0,0,0,0,0,0
