"Spp","AA1","AA2","AA3","AA4","AA5","AA6","AA7","AA8","AA9","AA10"
"Not_Feeding",502,305,84,528,751,412,347,690,460,169
"Adula_californiensis",0,1,0,1,0,0,0,0,0,0
"Balanus_glandula",39,50,11,21,27,147,93,22,14,48
"Chthamalus_dalli",111,4,1,30,48,1,1,6,8,0
"Littorina_sitkana",0,0,0,0,4,0,1,0,0,0
"Lottia_asmi",0,0,1,0,1,0,0,2,2,0
"Lottia_pelta",1,0,0,0,0,0,0,0,0,0
"Mytilus_californianus",0,0,0,0,0,0,0,0,1,0
"Mytilus_trossulus",77,17,3,35,78,11,3,143,107,0
"Nucella_ostrina",0,0,0,0,1,0,0,0,0,0
"Pollicipes_polymerus",0,5,0,0,0,0,0,0,0,0
"Semibalanus_cariosus",4,1,2,0,0,0,1,0,0,3
